<?xml version="1.0" encoding="utf-8" standalone="yes"?>
<rss version="2.0" xmlns:atom="http://www.w3.org/2005/Atom">
  <channel>
    <title>Elvis Frog Slot – Play Free or Real Money in Canada on Elvis Frog in Vegas</title>
    <link>https://elvisfroginvegasca.com/</link>
    <description>Recent content in Elvis Frog Slot – Play Free or Real Money in Canada on Elvis Frog in Vegas</description>
    <generator>Hugo</generator>
    <language>en</language>
    <lastBuildDate></lastBuildDate>
    <atom:link href="https://elvisfroginvegasca.com/index.xml" rel="self" type="application/rss+xml" />
  </channel>
</rss>
