<?xml version="1.0" encoding="utf-8" standalone="yes"?>
<rss version="2.0" xmlns:atom="http://www.w3.org/2005/Atom">
  <channel>
    <title>Play Elvis Frog Slot Online Fun Casino Game in Canada on your phone on Elvis Frog in Vegas</title>
    <link>https://elvisfroginvegasca.com/app/</link>
    <description>Recent content in Play Elvis Frog Slot Online Fun Casino Game in Canada on your phone on Elvis Frog in Vegas</description>
    <generator>Hugo</generator>
    <language>en</language>
    <lastBuildDate></lastBuildDate>
    <atom:link href="https://elvisfroginvegasca.com/app/index.xml" rel="self" type="application/rss+xml" />
  </channel>
</rss>
